{
    "loss": 0.32528072595596313,
    "accuracy": 0.9137930870056152
}